priority_group,site_no,station_nm,site_tp_cd,dec_lat_va,dec_long_va,coord_datum_cd,huc_cd,huc8_name,parameter_count,parameter_codes,parameter_names,site_web_url
1_mainstem,14211720,"WILLAMETTE RIVER AT PORTLAND, OR",ST-TS,45.5175,-122.6691667,NAD83,17090012,Lower Willamette,7,"00010,00060,00065,00095,00300,00400,63680","water_temperature,discharge,gage_height,specific_conductance,dissolved_oxygen,ph,turbidity",https://waterdata.usgs.gov/monitoring-location/14211720/
1_mainstem,14152000,"MIDDLE FORK WILLAMETTE RIVER AT JASPER, OR",ST,43.99818166,-122.9059126,NAD27,17090001,Coast Fork Willamette,5,"00010,00060,00065,00300,63680","water_temperature,discharge,gage_height,dissolved_oxygen,turbidity",https://waterdata.usgs.gov/monitoring-location/14152000/
1_mainstem,14150000,"MIDDLE FORK WILLAMETTE RIVER NEAR DEXTER, OR",ST,43.9456815,-122.8372967,NAD27,17090001,Coast Fork Willamette,5,"00010,00060,00065,00300,63680","water_temperature,discharge,gage_height,dissolved_oxygen,turbidity",https://waterdata.usgs.gov/monitoring-location/14150000/
1_mainstem,453027122400000,"WILLAMETTE RIVER BLW HOLGATE CHANNEL, PORTLAND, OR",ST,45.50748056,-122.6666139,NAD83,17090012,Lower Willamette,4,"00010,00095,00300,00400","water_temperature,specific_conductance,dissolved_oxygen,ph",https://waterdata.usgs.gov/monitoring-location/453027122400000/
1_mainstem,14157500,"COAST FORK WILLAMETTE RIVER NEAR GOSHEN, OR",ST,43.98040324,-122.96647,NAD27,17090002,Middle Fork Willamette,3,"00010,00060,00065","water_temperature,discharge,gage_height",https://waterdata.usgs.gov/monitoring-location/14157500/
1_mainstem,14145500,"MF WILLAMETTE RIVER ABV SALT CRK, NEAR OAKRIDGE,OR",ST,43.72095655,-122.4378256,NAD27,17090001,Coast Fork Willamette,3,"00010,00060,00065","water_temperature,discharge,gage_height",https://waterdata.usgs.gov/monitoring-location/14145500/
1_mainstem,14148000,"MF WILLAMETTE RIVER BLW N FORK, NR OAKRIDGE, OR.",ST,43.80123517,-122.5608879,NAD27,17090001,Coast Fork Willamette,3,"00010,00060,00065","water_temperature,discharge,gage_height",https://waterdata.usgs.gov/monitoring-location/14148000/
1_mainstem,14144800,"MIDDLE FORK WILLAMETTE RIVER NR OAKRIDGE, OR",ST,43.60178867,-122.4575474,NAD27,17090001,Coast Fork Willamette,3,"00010,00060,00065","water_temperature,discharge,gage_height",https://waterdata.usgs.gov/monitoring-location/14144800/
1_mainstem,450808123004200,WILLAMETTE RIVER ALCOVE ON RB AT RM 67.1,ST,45.1355361,-123.01175,NAD83,17090007,Middle Willamette,3,"00010,00095,00300","water_temperature,specific_conductance,dissolved_oxygen",https://waterdata.usgs.gov/monitoring-location/450808123004200/
1_mainstem,14174000,"WILLAMETTE RIVER AT ALBANY, OR",ST,44.6387328,-123.1067616,NAD27,17090003,Upper Willamette,3,"00010,00060,00065","water_temperature,discharge,gage_height",https://waterdata.usgs.gov/monitoring-location/14174000/
1_mainstem,14171600,"WILLAMETTE RIVER AT CORVALLIS, OR",ST,44.5663611,-123.2568056,NAD83,17090003,Upper Willamette,3,"00010,00060,00065","water_temperature,discharge,gage_height",https://waterdata.usgs.gov/monitoring-location/14171600/
1_mainstem,14166000,"WILLAMETTE RIVER AT HARRISBURG, OR",ST,44.27040126,-123.1737036,NAD27,17090003,Upper Willamette,3,"00010,00060,00065","water_temperature,discharge,gage_height",https://waterdata.usgs.gov/monitoring-location/14166000/
1_mainstem,14197900,"WILLAMETTE RIVER AT NEWBERG, OR",ST,45.2845625,-122.9614893,NAD27,17090007,Middle Willamette,3,"00010,00060,00065","water_temperature,discharge,gage_height",https://waterdata.usgs.gov/monitoring-location/14197900/
1_mainstem,14158100,"WILLAMETTE RIVER AT OWOSSO BRIDGE AT EUGENE, OR",ST,44.09166667,-123.116111,NAD83,17090003,Upper Willamette,3,"00010,00300,63680","water_temperature,dissolved_oxygen,turbidity",https://waterdata.usgs.gov/monitoring-location/14158100/
1_mainstem,14158050,"WILLAMETTE RIVER AT EUGENE, OR",ST,44.0525,-123.0827778,NAD83,17090003,Upper Willamette,2,"00010,00065","water_temperature,gage_height",https://waterdata.usgs.gov/monitoring-location/14158050/
1_mainstem,14191000,"WILLAMETTE RIVER AT SALEM, OR",ST,44.9442863,-123.0428742,NAD27,17090007,Middle Willamette,2,"00060,00065","discharge,gage_height",https://waterdata.usgs.gov/monitoring-location/14191000/
1_mainstem,14207770,"WILLAMETTE RIVER BELOW FALLS, AT OREGON CITY, OR",ST-TS,45.35762066,-122.610925,NAD27,17090007,Middle Willamette,2,"00010,00065","water_temperature,gage_height",https://waterdata.usgs.gov/monitoring-location/14207770/
1_mainstem,14144780,"MF WILLAMETTE RIVER BLW MAC CREEK NR OAKRIDGE, OR",ST,43.50083056,-122.3141694,NAD83,17090001,Coast Fork Willamette,1,00010,water_temperature,https://waterdata.usgs.gov/monitoring-location/14144780/
1_mainstem,14207740,"WILLAMETTE RIVER ABOVE FALLS, AT OREGON CITY, OR",ST,45.34805556,-122.6205278,NAD83,17090007,Middle Willamette,1,00065,gage_height,https://waterdata.usgs.gov/monitoring-location/14207740/
1_mainstem,14192015,"WILLAMETTE RIVER AT KEIZER, OR",ST,44.957,-123.0366389,NAD83,17090007,Middle Willamette,1,00010,water_temperature,https://waterdata.usgs.gov/monitoring-location/14192015/
2_major_tributary,14210000,"CLACKAMAS RIVER AT ESTACADA, OR",ST,45.29984346,-122.3539746,NAD27,17090011,Clackamas,7,"00010,00060,00065,00095,00300,00400,63680","water_temperature,discharge,gage_height,specific_conductance,dissolved_oxygen,ph,turbidity",https://waterdata.usgs.gov/monitoring-location/14210000/
2_major_tributary,14211010,"CLACKAMAS RIVER NEAR OREGON CITY, OR",ST,45.3792874,-122.5773134,NAD27,17090011,Clackamas,7,"00010,00060,00065,00095,00300,00400,63680","water_temperature,discharge,gage_height,specific_conductance,dissolved_oxygen,ph,turbidity",https://waterdata.usgs.gov/monitoring-location/14211010/
2_major_tributary,14182500,"LITTLE NORTH SANTIAM RIVER NEAR MEHAMA, OR",ST,44.7915108,-122.5789738,NAD27,17090005,North Santiam,7,"00010,00060,00065,00095,00300,00400,63680","water_temperature,discharge,gage_height,specific_conductance,dissolved_oxygen,ph,turbidity",https://waterdata.usgs.gov/monitoring-location/14182500/
2_major_tributary,14158850,"MCKENZIE R BLW TRAIL BR DAM NR BELKNAP SPRINGS, OR",ST,44.2679001,-122.0497826,NAD27,17090004,McKenzie,7,"00010,00060,00065,00095,00300,00400,63680","water_temperature,discharge,gage_height,specific_conductance,dissolved_oxygen,ph,turbidity",https://waterdata.usgs.gov/monitoring-location/14158850/
2_major_tributary,14162500,"MCKENZIE RIVER NEAR VIDA, OR",ST,44.1248487,-122.47062,NAD27,17090004,McKenzie,7,"00010,00060,00065,00095,00300,00400,63680","water_temperature,discharge,gage_height,specific_conductance,dissolved_oxygen,ph,turbidity",https://waterdata.usgs.gov/monitoring-location/14162500/
2_major_tributary,14163900,"MCKENZIE RIVER NEAR WALTERVILLE, OR",ST,44.0698492,-122.7711874,NAD27,17090004,McKenzie,7,"00010,00060,00065,00095,00300,00400,63680","water_temperature,discharge,gage_height,specific_conductance,dissolved_oxygen,ph,turbidity",https://waterdata.usgs.gov/monitoring-location/14163900/
2_major_tributary,14181500,"NORTH SANTIAM RIVER AT NIAGARA, OR",ST,44.75377778,-122.2974444,NAD83,17090005,North Santiam,7,"00010,00060,00065,00095,00300,00400,63680","water_temperature,discharge,gage_height,specific_conductance,dissolved_oxygen,ph,turbidity",https://waterdata.usgs.gov/monitoring-location/14181500/
2_major_tributary,14159500,"SOUTH FORK MCKENZIE RIVER NEAR RAINBOW, OR",ST,44.13595817,-122.248391,NAD27,17090004,McKenzie,7,"00010,00060,00065,00095,00300,00400,63680","water_temperature,discharge,gage_height,specific_conductance,dissolved_oxygen,ph,turbidity",https://waterdata.usgs.gov/monitoring-location/14159500/
2_major_tributary,14206241,"TUALATIN RIVER AT HWY 219 NEAR HILLSBORO, OR",ST,45.50038889,-122.99094444,NAD83,170900100404,Tualatin,7,"00010,00060,00065,00095,00300,00400,63680","water_temperature,discharge,gage_height,specific_conductance,dissolved_oxygen,ph,turbidity",https://waterdata.usgs.gov/monitoring-location/14206241/
2_major_tributary,14203500,"TUALATIN RIVER NEAR DILLEY, OR",ST,45.4748365,-123.124274,NAD27,17090010,Tualatin,7,"00010,00060,00065,00095,00300,00400,63680","water_temperature,discharge,gage_height,specific_conductance,dissolved_oxygen,ph,turbidity",https://waterdata.usgs.gov/monitoring-location/14203500/
2_major_tributary,14209710,"CLACKAMAS RIVER AT CARTER BRIDGE, NEAR ESTACADA,OR",ST,45.16706506,-122.1561923,NAD27,17090011,Clackamas,5,"00010,00095,00300,00400,63680","water_temperature,specific_conductance,dissolved_oxygen,ph,turbidity",https://waterdata.usgs.gov/monitoring-location/14209710/
2_major_tributary,444728122450000,"NORTH SANTIAM RIVER AT GEREN ISLAND, NR STAYTON,OR",ST,44.79095556,-122.7511989,NAD27,17090005,North Santiam,5,"00010,00095,00300,00400,63680","water_temperature,specific_conductance,dissolved_oxygen,ph,turbidity",https://waterdata.usgs.gov/monitoring-location/444728122450000/
2_major_tributary,14183020,"NORTH SANTIAM RIVER BLW STOUT CREEK, NR MEHAMA, OR",ST,44.7782222,-122.6777222,NAD83,17090005,North Santiam,5,"00010,00095,00300,00400,63680","water_temperature,specific_conductance,dissolved_oxygen,ph,turbidity",https://waterdata.usgs.gov/monitoring-location/14183020/
2_major_tributary,14187500,"SOUTH SANTIAM RIVER AT WATERLOO, OR",ST,44.4984564,-122.8234214,NAD27,17090006,South Santiam,5,"00010,00060,00065,00300,63680","water_temperature,discharge,gage_height,dissolved_oxygen,turbidity",https://waterdata.usgs.gov/monitoring-location/14187500/
2_major_tributary,14185000,"SOUTH SANTIAM RIVER BELOW CASCADIA, OR",ST,44.39179225,-122.4975817,NAD27,17090006,South Santiam,5,"00010,00060,00065,00300,63680","water_temperature,discharge,gage_height,dissolved_oxygen,turbidity",https://waterdata.usgs.gov/monitoring-location/14185000/
2_major_tributary,14187200,"SOUTH SANTIAM RIVER NEAR FOSTER, OR",ST,44.4123468,-122.6886956,NAD27,17090006,South Santiam,5,"00010,00060,00065,00300,63680","water_temperature,discharge,gage_height,dissolved_oxygen,turbidity",https://waterdata.usgs.gov/monitoring-location/14187200/
2_major_tributary,14207200,"TUALATIN RIVER AT OSWEGO DAM, NEAR WEST LINN, OR",ST,45.35650877,-122.6850937,NAD27,17090010,Tualatin,5,"00010,00095,00300,00400,63680","water_temperature,specific_conductance,dissolved_oxygen,ph,turbidity",https://waterdata.usgs.gov/monitoring-location/14207200/
2_major_tributary,14158500,"MCKENZIE RIVER AT OUTLET OF CLEAR LAKE, OR",ST,44.3609545,-121.9956172,NAD27,17090004,McKenzie,4,"00010,00060,00065,00095","water_temperature,discharge,gage_height,specific_conductance",https://waterdata.usgs.gov/monitoring-location/14158500/
2_major_tributary,14158740,"MCKENZIE RIVER BL PAYNE CR, NR BELKNAP SPRINGS, OR",ST,44.28638889,-122.0368056,NAD83,17090004,McKenzie,4,"00010,00060,00065,00095","water_temperature,discharge,gage_height,specific_conductance",https://waterdata.usgs.gov/monitoring-location/14158740/
2_major_tributary,14163150,"MCKENZIE RIVER BLW LEABURG DAM, NR LEABURG, OR",ST,44.123738,-122.6275715,NAD27,17090004,McKenzie,4,"00010,00060,00065,00095","water_temperature,discharge,gage_height,specific_conductance",https://waterdata.usgs.gov/monitoring-location/14163150/
2_major_tributary,14186200,"MIDDLE SANTIAM R BLW GREEN PETER DAM NR FOSTER, OR",ST,44.44818005,-122.5503613,NAD27,17090006,South Santiam,4,"00010,00065,00300,63680","water_temperature,gage_height,dissolved_oxygen,turbidity",https://waterdata.usgs.gov/monitoring-location/14186200/
2_major_tributary,14164900,"McKENZIE RIVER ABV HAYDEN BR, AT SPRINGFIELD,OR",ST,44.0712365,-122.9645273,NAD27,17090004,McKenzie,4,"00010,00060,00065,00095","water_temperature,discharge,gage_height,specific_conductance",https://waterdata.usgs.gov/monitoring-location/14164900/
2_major_tributary,14178000,"NO SANTIAM R BLW BOULDER CRK, NR DETROIT, OR",ST,44.7067885,-122.1011859,NAD27,17090005,North Santiam,4,"00010,00060,00065,63680","water_temperature,discharge,gage_height,turbidity",https://waterdata.usgs.gov/monitoring-location/14178000/
2_major_tributary,14183010,"NORTH SANTIAM RIVER NEAR MEHAMA, OR",ST,44.78805556,-122.636111,NAD83,17090005,North Santiam,4,"00010,00095,00400,63680","water_temperature,specific_conductance,ph,turbidity",https://waterdata.usgs.gov/monitoring-location/14183010/
2_major_tributary,14206694,"TUALATIN RIVER AT RIVER MILE 24.5, NR SCHOLLS, OR",ST,45.40150659,-122.8951003,NAD27,17090010,Tualatin,4,"00010,00095,00300,00400","water_temperature,specific_conductance,dissolved_oxygen,ph",https://waterdata.usgs.gov/monitoring-location/14206694/
2_major_tributary,14208000,"CLACKAMAS RIVER AT BIG BOTTOM, OR",ST,45.0170833,-121.9235278,NAD83,17090011,Clackamas,3,"00010,00060,00065","water_temperature,discharge,gage_height",https://waterdata.usgs.gov/monitoring-location/14208000/
2_major_tributary,14159100,"HORSE CREEK NEAR MCKENZIE BRIDGE, OR",ST,44.16269444,-122.154,NAD83,17090004,McKenzie,3,"00010,00060,00065","water_temperature,discharge,gage_height",https://waterdata.usgs.gov/monitoring-location/14159100/
2_major_tributary,14181900,"LITTLE N SANTIAM RIVER ABV EVANS CR, AT ELKHORN,OR",ST,44.83580278,-122.35495,NAD83,17090005,North Santiam,3,"00010,00065,63680","water_temperature,gage_height,turbidity",https://waterdata.usgs.gov/monitoring-location/14181900/
2_major_tributary,14159110,"MCKENZIE RIVER ABOVE SOUTH FORK, NEAR RAINBOW, OR",ST,44.16633386,-122.2565067,NAD27,17090004,McKenzie,3,"00010,00060,00065","water_temperature,discharge,gage_height",https://waterdata.usgs.gov/monitoring-location/14159110/
2_major_tributary,14165500,"MCKENZIE RIVER NEAR COBURG, OR",ST,44.11305556,-123.0469722,NAD83,17090004,McKenzie,3,"00010,00060,00065","water_temperature,discharge,gage_height",https://waterdata.usgs.gov/monitoring-location/14165500/
2_major_tributary,14185600,"MIDDLE SANTIAM RIVER NR SANTIAM JUNCTION, OR",ST,44.5013333,-122.1690556,NAD83,17090006,South Santiam,3,"00010,00060,00065","water_temperature,discharge,gage_height",https://waterdata.usgs.gov/monitoring-location/14185600/
2_major_tributary,14198500,"MOLALLA R AB PC NR WILHOIT, OR",ST,45.0097222,-122.4809167,NAD83,17090009,Molalla-Pudding,3,"00010,00060,00065","water_temperature,discharge,gage_height",https://waterdata.usgs.gov/monitoring-location/14198500/
2_major_tributary,14200000,"MOLALLA RIVER NEAR CANBY, OR",ST,45.24391667,-122.6874444,NAD83,17090009,Molalla-Pudding,3,"00010,00060,00065","water_temperature,discharge,gage_height",https://waterdata.usgs.gov/monitoring-location/14200000/
2_major_tributary,14184100,"NORTH SANTIAM R AT GREENS BRIDGE, NR JEFFERSON, OR",ST,44.7079444,-122.973111,NAD83,17090005,North Santiam,3,"00010,00060,00065","water_temperature,discharge,gage_height",https://waterdata.usgs.gov/monitoring-location/14184100/
2_major_tributary,444516122243900,"NORTH SANTIAM RIVER AT GATES, OR",ST,44.75452778,-122.4107222,NAD83,17090005,North Santiam,3,"00010,00095,63680","water_temperature,specific_conductance,turbidity",https://waterdata.usgs.gov/monitoring-location/444516122243900/
2_major_tributary,14183000,"NORTH SANTIAM RIVER AT MEHAMA, OR",ST,44.78925,-122.6188056,NAD83,17090005,North Santiam,3,"00010,00060,00065","water_temperature,discharge,gage_height",https://waterdata.usgs.gov/monitoring-location/14183000/
2_major_tributary,14174450,"NORTH SANTIAM RIVER NR MARION FORKS, OR",ST,44.5990833,-121.966,NAD83,17090005,North Santiam,3,"00010,00060,00065","water_temperature,discharge,gage_height",https://waterdata.usgs.gov/monitoring-location/14174450/
2_major_tributary,14202000,"PUDDING RIVER AT AURORA, OR",ST,45.23327778,-122.7509167,NAD83,17090009,Molalla-Pudding,3,"00010,00060,00065","water_temperature,discharge,gage_height",https://waterdata.usgs.gov/monitoring-location/14202000/
2_major_tributary,14201340,"PUDDING RIVER NEAR WOODBURN, OR",ST,45.15123137,-122.80426,NAD27,17090009,Molalla-Pudding,3,"00010,00060,00065","water_temperature,discharge,gage_height",https://waterdata.usgs.gov/monitoring-location/14201340/
2_major_tributary,14159130,"SF MCKENZIE RIVER ABV ROARING R NR COUGAR DAM, OR",ST,43.95702778,-122.085,NAD83,170900040302,McKenzie,3,"00010,00060,00065","water_temperature,discharge,gage_height",https://waterdata.usgs.gov/monitoring-location/14159130/
2_major_tributary,14159200,SO FK MCKENZIE RIVER ABV COUGAR LAKE NR RAINBOW OR,ST,44.047067,-122.2178245,NAD27,17090004,McKenzie,3,"00010,00060,00065","water_temperature,discharge,gage_height",https://waterdata.usgs.gov/monitoring-location/14159200/
2_major_tributary,14184300,"SOUTH SANTIAM RIVER AT UPPER SODA, OR",ST,44.40475,-122.278,NAD83,17090006,South Santiam,3,"00010,00060,00065","water_temperature,discharge,gage_height",https://waterdata.usgs.gov/monitoring-location/14184300/
2_major_tributary,14209500,"CLACKAMAS RIVER ABOVE THREE LYNX CREEK, OR",ST,45.1248432,-122.0734137,NAD27,17090011,Clackamas,2,"00060,00065","discharge,gage_height",https://waterdata.usgs.gov/monitoring-location/14209500/
2_major_tributary,14187600,"LEBANON SANTIAM CANAL NEAR LEBANON, OR",ST-CA,44.51484526,-122.8648109,NAD27,17090006,South Santiam,2,"00060,00065","discharge,gage_height",https://waterdata.usgs.gov/monitoring-location/14187600/
2_major_tributary,14185800,"MIDDLE SANTIAM R NEAR CASCADIA, OR",ST,44.5151239,-122.3720249,NAD27,17090006,South Santiam,2,"00010,00065","water_temperature,gage_height",https://waterdata.usgs.gov/monitoring-location/14185800/
2_major_tributary,14189000,"SANTIAM RIVER AT JEFFERSON, OR",ST,44.7147222,-123.01425,NAD83,17090005,North Santiam,2,"00060,00065","discharge,gage_height",https://waterdata.usgs.gov/monitoring-location/14189000/
2_major_tributary,14186700,"SOUTH SANTIAM RIVER AT FOSTER, OR",ST,44.41475,-122.67344444,NAD83,170900060801,South Santiam,2,"00300,63680","dissolved_oxygen,turbidity",https://waterdata.usgs.gov/monitoring-location/14186700/
2_major_tributary,14194150,"SOUTH YAMHILL RIVER AT MCMINNVILLE, OR",ST,45.2069444,-123.1816667,NAD83,17090008,Yamhill,2,"00060,00065","discharge,gage_height",https://waterdata.usgs.gov/monitoring-location/14194150/
2_major_tributary,14207500,"TUALATIN RIVER AT WEST LINN, OR",ST,45.35067559,-122.6762044,NAD27,17090010,Tualatin,2,"00060,00065","discharge,gage_height",https://waterdata.usgs.gov/monitoring-location/14207500/
2_major_tributary,444809122265500,"LITTLE N SANTIAM R AT ELKHORN VALLEY REC SITE, OR",ST,44.80258056,-122.448625,NAD83,17090005,North Santiam,1,00010,water_temperature,https://waterdata.usgs.gov/monitoring-location/444809122265500/
2_major_tributary,14182400,"LITTLE N SANTIAM R BLW CANYON CK, NEAR MEHAMA, OR",ST,44.79345516,-122.4925835,NAD27,17090005,North Santiam,1,00060,discharge,https://waterdata.usgs.gov/monitoring-location/14182400/
2_major_tributary,445009122212100,"LITTLE N SANTIAM RIVER BLW EVANS CR AT ELKHORN, OR",ST,44.8356972,-122.3559333,NAD83,17090005,North Santiam,1,00010,water_temperature,https://waterdata.usgs.gov/monitoring-location/445009122212100/
2_major_tributary,14159000,"MCKENZIE R AT MCKENZIE BRIDGE, OREG.",ST,44.17901207,-122.130335,NAD27,17090004,McKenzie,1,00060,discharge,https://waterdata.usgs.gov/monitoring-location/14159000/
2_major_tributary,443056122221700,"MIDDLE SANTIAM RIVER LOWER GAGE, NR CASCADIA, OR",ST,44.5154611,-122.3714889,NAD83,17090006,South Santiam,1,00010,water_temperature,https://waterdata.usgs.gov/monitoring-location/443056122221700/
2_major_tributary,14185700,"MIDDLE SANTIAM RIVER NEAR UPPER SODA, OR.",ST,44.5123463,-122.2656332,NAD27,17090006,South Santiam,1,00060,discharge,https://waterdata.usgs.gov/monitoring-location/14185700/
2_major_tributary,443935121571700,"N SANTIAM RIVER  BLW PAMELIA CR, NR DETROIT, OR",ST,44.65968056,-121.9547778,NAD83,17090005,North Santiam,1,00010,water_temperature,https://waterdata.usgs.gov/monitoring-location/443935121571700/
2_major_tributary,14181650,N SANTIAM RIVER AT MINTO FISH FACILITY NR GATES OR,ST,44.7575583,-122.3594417,NAD83,17090005,North Santiam,1,00010,water_temperature,https://waterdata.usgs.gov/monitoring-location/14181650/
2_major_tributary,444238122065700,"N SANTIAM RIVER AT SANTIAM FLATS, NR DETROIT, OR",ST,44.710625,-122.1159278,NAD83,17090005,North Santiam,1,00010,water_temperature,https://waterdata.usgs.gov/monitoring-location/444238122065700/
2_major_tributary,14180520,"N SANTIAM RIVER BLW DETROIT DAM, NR DETROIT, OR",ST,44.7254333,-122.2554167,NAD83,17090005,North Santiam,1,00010,water_temperature,https://waterdata.usgs.gov/monitoring-location/14180520/
2_major_tributary,14194300,"NORTH YAMHILL RIVER NEAR FAIRDALE, OR",ST,45.3651117,-123.3789995,NAD27,17090008,Yamhill,1,00060,discharge,https://waterdata.usgs.gov/monitoring-location/14194300/
2_major_tributary,442402122260200,"S SANTIAM RIVER ABV MOOSE CR, NR CASCADIA, OR",ST,44.40065,-122.434,NAD83,170900060208,South Santiam,1,00010,water_temperature,https://waterdata.usgs.gov/monitoring-location/442402122260200/
2_major_tributary,442316122141200,"S SANTIAM RIVER ABV SHEEP CR, NR UPPER SODA, OR",ST,44.387689,-122.236611,NAD83,170900060202,South Santiam,1,00010,water_temperature,https://waterdata.usgs.gov/monitoring-location/442316122141200/
2_major_tributary,14189050,"SANTIAM RIVER NEAR JEFFERSON, OR",ST,44.7387325,-123.0498164,NAD27,17090005,North Santiam,1,00010,water_temperature,https://waterdata.usgs.gov/monitoring-location/14189050/
2_major_tributary,14188570,"SOUTH SANTIAM RIVER AT LEBANON, OR",ST,44.5383333,-122.8895833,NAD83,17090006,South Santiam,1,00010,water_temperature,https://waterdata.usgs.gov/monitoring-location/14188570/
2_major_tributary,14194000,"SOUTH YAMHILL RIVER NEAR WHITESON,OREG.",ST,45.16872755,-123.20816,NAD27,17090008,Yamhill,1,00060,discharge,https://waterdata.usgs.gov/monitoring-location/14194000/
2_major_tributary,14192500,"SOUTH YAMHILL RIVER NEAR WILLAMINA, OREG.",ST,45.0470588,-123.5039974,NAD27,17090008,Yamhill,1,00060,discharge,https://waterdata.usgs.gov/monitoring-location/14192500/
3_multi_parameter,14162200,"BLUE RIVER AT BLUE RIVER, OR",ST,44.16234819,-122.3331192,NAD27,17090004,McKenzie,7,"00010,00060,00065,00095,00300,00400,63680","water_temperature,discharge,gage_height,specific_conductance,dissolved_oxygen,ph,turbidity",https://waterdata.usgs.gov/monitoring-location/14162200/
3_multi_parameter,14164550,"CAMP CRK AT CAMP CRK RD BRIDGE, NR SPRINGFIELD, OR",ST,44.07066667,-122.8846667,NAD83,17090004,McKenzie,7,"00010,00060,00065,00095,00300,00400,63680","water_temperature,discharge,gage_height,specific_conductance,dissolved_oxygen,ph,turbidity",https://waterdata.usgs.gov/monitoring-location/14164550/
3_multi_parameter,14206950,"FANNO CREEK AT DURHAM, OR",ST,45.403452,-122.7548185,NAD27,17090010,Tualatin,7,"00010,00060,00065,00095,00300,00400,63680","water_temperature,discharge,gage_height,specific_conductance,dissolved_oxygen,ph,turbidity",https://waterdata.usgs.gov/monitoring-location/14206950/
3_multi_parameter,14209700,"FISH CREEK NEAR THREE LYNX, OR",ST,45.148278,-122.154472,NAD83,170900110403,Clackamas,7,"00010,00060,00065,00095,00300,00400,63680","water_temperature,discharge,gage_height,specific_conductance,dissolved_oxygen,ph,turbidity",https://waterdata.usgs.gov/monitoring-location/14209700/
3_multi_parameter,14163000,"GATE CREEK AT VIDA, OR",ST,44.1460861,-122.5730333,NAD83,17090004,McKenzie,7,"00010,00060,00065,00095,00300,00400,63680","water_temperature,discharge,gage_height,specific_conductance,dissolved_oxygen,ph,turbidity",https://waterdata.usgs.gov/monitoring-location/14163000/
3_multi_parameter,14162050,"NF QUARTZ CREEK NEAR BLUE RIVER, OR",ST,44.1845,-122.3148056,NAD83,17090004,McKenzie,7,"00010,00060,00065,00095,00300,00400,63680","water_temperature,discharge,gage_height,specific_conductance,dissolved_oxygen,ph,turbidity",https://waterdata.usgs.gov/monitoring-location/14162050/
3_multi_parameter,14162440,"QUARTZ CREEK BLW CANE CREEK NEAR FINN ROCK, OR",ST,44.10798056,-122.35521111,NAD83,170900040501,McKenzie,7,"00010,00060,00065,00095,00300,00400,63680","water_temperature,discharge,gage_height,specific_conductance,dissolved_oxygen,ph,turbidity",https://waterdata.usgs.gov/monitoring-location/14162440/
3_multi_parameter,14162450,"QUARTZ CREEK NEAR FINN ROCK, OR",ST,44.1233611,-122.3787222,NAD83,17090004,McKenzie,7,"00010,00060,00065,00095,00300,00400,63680","water_temperature,discharge,gage_height,specific_conductance,dissolved_oxygen,ph,turbidity",https://waterdata.usgs.gov/monitoring-location/14162450/
3_multi_parameter,14202650,"WAPATO CREEK AT SW GASTON ROAD, AT GASTON, OR",ST,45.44064167,-123.125,NAD83,17090010,Tualatin,7,"00010,00060,00065,00095,00300,00400,63680","water_temperature,discharge,gage_height,specific_conductance,dissolved_oxygen,ph,turbidity",https://waterdata.usgs.gov/monitoring-location/14202650/
3_multi_parameter,14202980,"SCOGGINS CK BLW HENRY HAGG LAKE, NR GASTON, OR",ST,45.46927968,-123.200109,NAD27,17090010,Tualatin,6,"00010,00060,00095,00300,00400,63680","water_temperature,discharge,specific_conductance,dissolved_oxygen,ph,turbidity",https://waterdata.usgs.gov/monitoring-location/14202980/
3_multi_parameter,453004122510301,"BEAVERTON CREEK AT 170TH AVE, BEAVERTON, OR",ST,45.5009505,-122.852045,NAD27,17090010,Tualatin,5,"00010,00095,00300,00400,63680","water_temperature,specific_conductance,dissolved_oxygen,ph,turbidity",https://waterdata.usgs.gov/monitoring-location/453004122510301/
3_multi_parameter,453302122491600,BRONSON CR NEAR NW MEISNER DR AND NW HENNINGER LN,ST,45.5504861,-122.821075,NAD83,17090010,Tualatin,5,"00010,00095,00300,00400,63680","water_temperature,specific_conductance,dissolved_oxygen,ph,turbidity",https://waterdata.usgs.gov/monitoring-location/453302122491600/
3_multi_parameter,453250122494501,BRONSON CREEK ABOVE NW KAISER RD,ST,45.5473472,-122.8291417,NAD83,17090010,Tualatin,5,"00010,00095,00300,00400,63680","water_temperature,specific_conductance,dissolved_oxygen,ph,turbidity",https://waterdata.usgs.gov/monitoring-location/453250122494501/
3_multi_parameter,453312122485800,BRONSON CREEK NEAR NW LAKEVIEW DR,ST,45.55334167,-122.8162278,NAD83,17090010,Tualatin,5,"00010,00095,00300,00400,63680","water_temperature,specific_conductance,dissolved_oxygen,ph,turbidity",https://waterdata.usgs.gov/monitoring-location/453312122485800/
3_multi_parameter,14206752,"CHICKEN CREEK ABV SEASONAL TRAIL, NR SHERWOOD, OR",ST,45.385417,-122.837056,NAD83,170900100501,Tualatin,5,"00010,00060,00065,00095,63680","water_temperature,discharge,gage_height,specific_conductance,turbidity",https://waterdata.usgs.gov/monitoring-location/14206752/
3_multi_parameter,452230122512201,"CHICKEN CREEK AT SCHOLLS-SHERWOOD HWY, SHERWOOD OR",ST,45.3748654,-122.8572543,NAD27,17090010,Tualatin,5,"00010,00095,00300,00400,63680","water_temperature,specific_conductance,dissolved_oxygen,ph,turbidity",https://waterdata.usgs.gov/monitoring-location/452230122512201/
3_multi_parameter,453113123003501,"DAIRY CREEK AT HWY 8, HILLSBORO, OR",ST,45.52022699,-123.0110247,NAD27,17090010,Tualatin,5,"00010,00095,00300,00400,63680","water_temperature,specific_conductance,dissolved_oxygen,ph,turbidity",https://waterdata.usgs.gov/monitoring-location/453113123003501/
3_multi_parameter,14151000,"FALL CREEK BLW WINBERRY CREEK, NEAR FALL CREEK, OR",ST,43.94429299,-122.774794,NAD27,17090001,Coast Fork Willamette,5,"00010,00060,00065,00300,63680","water_temperature,discharge,gage_height,dissolved_oxygen,turbidity",https://waterdata.usgs.gov/monitoring-location/14151000/
3_multi_parameter,452727122474801,FANNO CREEK AT GREENWAY PARK NEAR TUCKERWOOD CRT,ST,45.4576722,-122.7966556,NAD83,17090010,Tualatin,5,"00010,00095,00300,00400,63680","water_temperature,specific_conductance,dissolved_oxygen,ph,turbidity",https://waterdata.usgs.gov/monitoring-location/452727122474801/
3_multi_parameter,452738122474100,"FANNO CREEK AT GREENWAY PARK, AT SW HALL BLVD",ST,45.4606083,-122.7947806,NAD83,17090010,Tualatin,5,"00010,00095,00300,00400,63680","water_temperature,specific_conductance,dissolved_oxygen,ph,turbidity",https://waterdata.usgs.gov/monitoring-location/452738122474100/
3_multi_parameter,452718122474700,"FANNO CREEK AT GREENWAY PARK, NEAR SW PEARSON CT",ST,45.4551222,-122.7963056,NAD83,17090010,Tualatin,5,"00010,00095,00300,00400,63680","water_temperature,specific_conductance,dissolved_oxygen,ph,turbidity",https://waterdata.usgs.gov/monitoring-location/452718122474700/
3_multi_parameter,453040123065201,"GALES CREEK AT OLD HWY 47, FOREST GROVE, OR",ST,45.510878,-123.115666,NAD27,17090010,Tualatin,5,"00010,00095,00300,00400,63680","water_temperature,specific_conductance,dissolved_oxygen,ph,turbidity",https://waterdata.usgs.gov/monitoring-location/453040123065201/
3_multi_parameter,14185900,"QUARTZVILLE CREEK NEAR CASCADIA, OR",ST,44.54012357,-122.4359155,NAD27,17090006,South Santiam,5,"00010,00060,00065,00300,63680","water_temperature,discharge,gage_height,dissolved_oxygen,turbidity",https://waterdata.usgs.gov/monitoring-location/14185900/
3_multi_parameter,453030122560101,"ROCK CREEK AT BROOKWOOD AVENUE, HILLSBORO, OR",ST,45.5081944,-122.9335,NAD83,17090010,Tualatin,5,"00010,00095,00300,00400,63680","water_temperature,specific_conductance,dissolved_oxygen,ph,turbidity",https://waterdata.usgs.gov/monitoring-location/453030122560101/
3_multi_parameter,452731123092100,"SCOGGINS CREEK NEAR SW OLD HWY 47, NEAR GASTON, OR",ST,45.4586111,-123.1559167,NAD83,17090010,Tualatin,5,"00010,00095,00300,00400,63680","water_temperature,specific_conductance,dissolved_oxygen,ph,turbidity",https://waterdata.usgs.gov/monitoring-location/452731123092100/
3_multi_parameter,452737122231400,"BADGER CREEK AT RUGG ROAD NEAR GRESHAM, OR",ST,45.46022222,-122.38788889,NAD83,170900120101,Lower Willamette,4,"00010,00060,00065,63680","water_temperature,discharge,gage_height,turbidity",https://waterdata.usgs.gov/monitoring-location/452737122231400/
3_multi_parameter,14180300,"BLOWOUT CREEK NEAR DETROIT, OR",ST,44.65289999,-122.130908,NAD27,17090005,North Santiam,4,"00010,00060,00065,63680","water_temperature,discharge,gage_height,turbidity",https://waterdata.usgs.gov/monitoring-location/14180300/
3_multi_parameter,14179000,"BREITENBUSH R ABV FRENCH CR NR DETROIT, OR.",ST,44.75262179,-122.1289648,NAD27,17090005,North Santiam,4,"00010,00060,00065,63680","water_temperature,discharge,gage_height,turbidity",https://waterdata.usgs.gov/monitoring-location/14179000/
3_multi_parameter,14164700,"CEDAR CREEK AT SPRINGFIELD, OR",ST,44.059348,-122.9196644,NAD27,17090004,McKenzie,4,"00010,00060,00065,00095","water_temperature,discharge,gage_height,specific_conductance",https://waterdata.usgs.gov/monitoring-location/14164700/
3_multi_parameter,14211550,"JOHNSON CREEK AT MILWAUKIE, OR",ST,45.452897,-122.6431496,NAD27,17090012,Lower Willamette,4,"00010,00060,00065,63680","water_temperature,discharge,gage_height,turbidity",https://waterdata.usgs.gov/monitoring-location/14211550/
3_multi_parameter,14211400,"JOHNSON CREEK AT REGNER ROAD, AT GRESHAM, OR",ST,45.4863333,-122.4218333,NAD83,17090012,Lower Willamette,4,"00010,00060,00065,63680","water_temperature,discharge,gage_height,turbidity",https://waterdata.usgs.gov/monitoring-location/14211400/
3_multi_parameter,14211499,"KELLEY CREEK AT SE 159TH DRIVE AT PORTLAND, OR",ST,45.4767869,-122.4984239,NAD27,17090012,Lower Willamette,4,"00010,00060,00065,63680","water_temperature,discharge,gage_height,turbidity",https://waterdata.usgs.gov/monitoring-location/14211499/
3_multi_parameter,14158790,"SMITH RIVER ABV SMITH R RESV,NR BELKNAP SPRNGS,OR",ST,44.3345666,-122.0470074,NAD27,17090004,McKenzie,4,"00010,00060,00065,00095","water_temperature,discharge,gage_height,specific_conductance",https://waterdata.usgs.gov/monitoring-location/14158790/
3_multi_parameter,14158798,SMITH RIVER ABV TRAIL BRDG RESV NR BELKNAP SPRINGS,ST,44.28988889,-122.0485833,NAD83,17090004,McKenzie,4,"00010,00060,00065,00095","water_temperature,discharge,gage_height,specific_conductance",https://waterdata.usgs.gov/monitoring-location/14158798/
3_multi_parameter,452755122234100,"SUNSHINE CREEK AT MOUTH NEAR GRESHAM, OR",ST,45.4650752,-122.3958978,NAD27,17090012,Lower Willamette,4,"00010,00060,00065,63680","water_temperature,discharge,gage_height,turbidity",https://waterdata.usgs.gov/monitoring-location/452755122234100/
3_multi_parameter,445053123105400,WILLAMETTE R ALCOVE ON LB AT RM 95.9,ST,44.84811389,-123.1817806,NAD83,17090007,Middle Willamette,4,"00010,00095,00300,00400","water_temperature,specific_conductance,dissolved_oxygen,ph",https://waterdata.usgs.gov/monitoring-location/445053123105400/
3_multi_parameter,441355123094600,WILLAMETTE R ALCOVE ON LB NEAR RM 164.1,ST,44.2319,-123.1628083,NAD83,17090003,Upper Willamette,4,"00010,00095,00300,00400","water_temperature,specific_conductance,dissolved_oxygen,ph",https://waterdata.usgs.gov/monitoring-location/441355123094600/
3_multi_parameter,444945123095600,WILLAMETTE R ON RB AT RM 97.7,ST,44.8292972,-123.1656444,NAD83,17090007,Middle Willamette,4,"00010,00095,00300,00400","water_temperature,specific_conductance,dissolved_oxygen,ph",https://waterdata.usgs.gov/monitoring-location/444945123095600/
3_multi_parameter,14150800,"WINBERRY CREEK NEAR LOWELL,OR",ST,43.9142924,-122.6886762,NAD27,17090001,Coast Fork Willamette,4,"00010,00060,00065,63680","water_temperature,discharge,gage_height,turbidity",https://waterdata.usgs.gov/monitoring-location/14150800/
4_clackamas,14210750,"CLEAR CREEK AT CARVER, OR",ST,45.389806,-122.493833,NAD83,170900110606,Clackamas,3,"00010,00060,00065","water_temperature,discharge,gage_height",https://waterdata.usgs.gov/monitoring-location/14210750/
4_clackamas,14208300,"COLLAWASH R NR BREITENBUSH, OR",ST,44.987944,-122.065972,NAD83,170900110107,Clackamas,3,"00010,00060,00065","water_temperature,discharge,gage_height",https://waterdata.usgs.gov/monitoring-location/14208300/
4_clackamas,14209000,"OAK GROVE FORK ABOVE POWERPLANT INTAKE, OR.",ST,45.0712319,-121.9406345,NAD27,17090011,Clackamas,2,"00060,00065","discharge,gage_height",https://waterdata.usgs.gov/monitoring-location/14209000/
4_clackamas,14209250,"OAK GROVE FORK AT RIPPLEBROOK CAMPGROUND, OR",ST,45.07981389,-122.0428583,NAD83,17090011,Clackamas,2,"00060,00065","discharge,gage_height",https://waterdata.usgs.gov/monitoring-location/14209250/
4_clackamas,14208700,"OAK GROVE FORK NEAR GOVERNMENT CAMP, OR",ST,45.11373009,-121.8150775,NAD27,17090011,Clackamas,2,"00060,00065","discharge,gage_height",https://waterdata.usgs.gov/monitoring-location/14208700/
4_coast_fork_willamette,14150290,"FALL CREEK ABOVE NORTH FORK, NEAR LOWELL, OR",ST,43.9672222,-122.6297222,NAD83,17090001,Coast Fork Willamette,3,"00010,00065,63680","water_temperature,gage_height,turbidity",https://waterdata.usgs.gov/monitoring-location/14150290/
4_coast_fork_willamette,14150250,"FALL CREEK ABOVE TILLER CREEK, NEAR LOWELL, OR",ST,43.98478056,-122.4336,NAD83,17090001,Coast Fork Willamette,3,"00010,00060,00065","water_temperature,discharge,gage_height",https://waterdata.usgs.gov/monitoring-location/14150250/
4_coast_fork_willamette,14149011,MF WILLAMETTE R BLW LOOKOUT POINT DAM NR LOWELL OR,ST,43.91378056,-122.7556472,NAD83,17090001,Coast Fork Willamette,3,"00010,00300,63680","water_temperature,dissolved_oxygen,turbidity",https://waterdata.usgs.gov/monitoring-location/14149011/
4_coast_fork_willamette,14147500,"N FK OF M FK WILLAMETTE R NR OAKRIDGE, OR",ST,43.7567902,-122.5053292,NAD27,17090001,Coast Fork Willamette,3,"00010,00060,00065","water_temperature,discharge,gage_height",https://waterdata.usgs.gov/monitoring-location/14147500/
4_coast_fork_willamette,14147200,"NF OF MF WILLAMETTE R AB PARKER CR NR OAKRIDGE, OR",ST,43.88468889,-122.2451306,NAD83,17090001,Coast Fork Willamette,3,"00010,00060,00065","water_temperature,discharge,gage_height",https://waterdata.usgs.gov/monitoring-location/14147200/
4_coast_fork_willamette,14144900,"HILLS CR AB HILLS CR RES, NR OAKRIDGE, OR",ST,43.6804006,-122.3705999,NAD27,17090001,Coast Fork Willamette,2,"00010,00065","water_temperature,gage_height",https://waterdata.usgs.gov/monitoring-location/14144900/
4_coast_fork_willamette,14144790,"MF WILLAMETTE R ABV SNAKE CREEK, NR OAKRIDGE, OR",ST,43.53996944,-122.4478389,NAD83,17090001,Coast Fork Willamette,2,"00010,00065","water_temperature,gage_height",https://waterdata.usgs.gov/monitoring-location/14144790/
4_coast_fork_willamette,14149510,"DEXTER DAM TAILWATER AT DEXTER, OR",ST,43.92434167,-122.8056056,NAD83,17090001,Coast Fork Willamette,1,00065,gage_height,https://waterdata.usgs.gov/monitoring-location/14149510/
4_coast_fork_willamette,14150300,"FALL CREEK NEAR LOWELL, OR",ST,43.97068174,-122.638674,NAD27,17090001,Coast Fork Willamette,1,00060,discharge,https://waterdata.usgs.gov/monitoring-location/14150300/
4_coast_fork_willamette,14145110,"HILLS CREEK DAM TAILWATER NEAR OAKRIDGE, OR",ST,43.71070278,-122.4239389,NAD83,17090001,Coast Fork Willamette,1,00065,gage_height,https://waterdata.usgs.gov/monitoring-location/14145110/
4_coast_fork_willamette,14149010,"LOOKOUT POINT DAM TAILWATER NEAR LOWELL, OR",ST,43.915375,-122.7536028,NAD83,17090001,Coast Fork Willamette,1,00065,gage_height,https://waterdata.usgs.gov/monitoring-location/14149010/
4_coast_fork_willamette,14146500,"SALMON CREEK NEAR OAKRIDGE,OREG.",ST,43.76234574,-122.3728227,NAD27,17090001,Coast Fork Willamette,1,00060,discharge,https://waterdata.usgs.gov/monitoring-location/14146500/
4_lower_willamette,14211542,"CRYSTAL SPRINGS CREEK AT BYBEE ST, PORTLAND, OR",ST,45.47402778,-122.6417222,NAD83,17090012,Lower Willamette,3,"00010,00060,00065","water_temperature,discharge,gage_height",https://waterdata.usgs.gov/monitoring-location/14211542/
4_lower_willamette,14211500,"JOHNSON CREEK AT SYCAMORE, OR",ST,45.47745556,-122.5080194,NAD83,17090012,Lower Willamette,3,"00010,00060,00065","water_temperature,discharge,gage_height",https://waterdata.usgs.gov/monitoring-location/14211500/
4_lower_willamette,452736122294900,"MITCHELL CREEK AT SE 162nd AVE, AT PORTLAND, OR",ST,45.46,-122.4969444,NAD83,17090012,Lower Willamette,3,"00060,00065,63680","discharge,gage_height,turbidity",https://waterdata.usgs.gov/monitoring-location/452736122294900/
4_lower_willamette,452807122215001,"N FK JOHNSON CR NR SE ORIENT DR, NR GRESHAM, OR",ST,45.46866667,-122.3639722,NAD83,17090012,Lower Willamette,3,"00010,00060,00065","water_temperature,discharge,gage_height",https://waterdata.usgs.gov/monitoring-location/452807122215001/
4_lower_willamette,14211820,"COLUMBIA SLOUGH AT PORTLAND, OR",ST-TS,45.63900515,-122.763155,NAD27,17090012,Lower Willamette,2,"00060,00065","discharge,gage_height",https://waterdata.usgs.gov/monitoring-location/14211820/
4_lower_willamette,14211814,"FAIRVIEW CREEK AT GLISAN ST NEAR GRESHAM, OR",ST,45.52761968,-122.4487024,NAD27,17090012,Lower Willamette,2,"00060,00065","discharge,gage_height",https://waterdata.usgs.gov/monitoring-location/14211814/
4_lower_willamette,452737122194200,"JOHNSON CREEK AT SE BLUFF RD, AT PLEASANT HOME, OR",ST,45.46033333,-122.32822222,NAD83,170900120101,Lower Willamette,2,"00010,63680","water_temperature,turbidity",https://waterdata.usgs.gov/monitoring-location/452737122194200/
4_lower_willamette,452753122233100,"JOHNSON CREEK AT TELFORD ROAD NEAR GRESHAM, OR",ST,45.46451967,-122.39312,NAD27,17090012,Lower Willamette,2,"00010,63680","water_temperature,turbidity",https://waterdata.usgs.gov/monitoring-location/452753122233100/
4_lower_willamette,14211315,"TRYON CREEK NEAR LAKE OSWEGO, OR",ST,45.43067476,-122.6737057,NAD27,17090012,Lower Willamette,2,"00060,00065","discharge,gage_height",https://waterdata.usgs.gov/monitoring-location/14211315/
4_lower_willamette,452360122383800,"ARBOR CREEK AT MOUTH, AT LAKE OSWEGO, OR",ST,45.3999722,-122.6438889,NAD83,17090012,Lower Willamette,1,00010,water_temperature,https://waterdata.usgs.gov/monitoring-location/452360122383800/
4_lower_willamette,452710122224800,"BADGER CREEK NEAR BORING, OR",ST,45.45288056,-122.38005,NAD83,17090012,Lower Willamette,1,00010,water_temperature,https://waterdata.usgs.gov/monitoring-location/452710122224800/
4_lower_willamette,453258122422100,"BALCH CREEK AT MOUTH, AT PORTLAND, OR",ST,45.5494444,-122.7058333,NAD83,17090012,Lower Willamette,1,00010,water_temperature,https://waterdata.usgs.gov/monitoring-location/453258122422100/
4_lower_willamette,453432122445800,"DOANE CREEK AT MOUTH, AT PORTLAND, OR",ST,45.57555556,-122.7494444,NAD83,17090012,Lower Willamette,1,00010,water_temperature,https://waterdata.usgs.gov/monitoring-location/453432122445800/
4_lower_willamette,452428122392000,"GLENMORRIE CREEK AT MOUTH, AT LAKE OSWEGO, OR",ST,45.40777778,-122.6555556,NAD83,17090012,Lower Willamette,1,00010,water_temperature,https://waterdata.usgs.gov/monitoring-location/452428122392000/
4_lower_willamette,452743122365400,"JOHNSON CREEK AT 45TH AVENUE, PORTLAND, OR",ST,45.46178607,-122.6162046,NAD27,17090012,Lower Willamette,1,63680,turbidity,https://waterdata.usgs.gov/monitoring-location/452743122365400/
4_lower_willamette,452642122383600,"JOHNSON CREEK NEAR MOUTH, AT MILWAUKIE, OR",ST,45.445,-122.6433333,NAD83,17090012,Lower Willamette,1,00010,water_temperature,https://waterdata.usgs.gov/monitoring-location/452642122383600/
4_lower_willamette,452630122383200,KELLOGG CREEK AT MOUTH BELOW KELLOGG DAM,ST,45.44166667,-122.6422222,NAD83,17090012,Lower Willamette,1,00010,water_temperature,https://waterdata.usgs.gov/monitoring-location/452630122383200/
4_lower_willamette,452806122231900,"N FK JOHNSON CREEK BLW ANDERSON RD, NR GRESHAM, OR",ST,45.4682722,-122.3885333,NAD83,17090012,Lower Willamette,1,00010,water_temperature,https://waterdata.usgs.gov/monitoring-location/452806122231900/
4_lower_willamette,452439122394200,"OSWEGO CREEK IN LARGE POOL, AT LAKE OSWEGO, OR",ST,45.4106944,-122.6616944,NAD83,17090012,Lower Willamette,1,00010,water_temperature,https://waterdata.usgs.gov/monitoring-location/452439122394200/
4_lower_willamette,452439122394600,"OSWEGO CREEK NR DAM OUTLET, AT LAKE OSWEGO, OR",ST,45.4108611,-122.6628333,NAD83,17090012,Lower Willamette,1,00010,water_temperature,https://waterdata.usgs.gov/monitoring-location/452439122394600/
4_lower_willamette,453405122442800,"SALTZMAN CREEK AT MOUTH, AT PORTLAND, OR",ST,45.56805556,-122.741111,NAD83,17090012,Lower Willamette,1,00010,water_temperature,https://waterdata.usgs.gov/monitoring-location/453405122442800/
4_lower_willamette,452808122401100,"STEPHENS CREEK AT MOUTH,  AT PORTLAND, OR",ST,45.46888889,-122.6697222,NAD83,17090012,Lower Willamette,1,00010,water_temperature,https://waterdata.usgs.gov/monitoring-location/452808122401100/
4_lower_willamette,452657122244500,"SUNSHINE CREEK NEAR DAMASCUS, OR",ST,45.4491694,-122.4124806,NAD83,17090012,Lower Willamette,1,00010,water_temperature,https://waterdata.usgs.gov/monitoring-location/452657122244500/
4_lower_willamette,452521122392900,"TRYON CREEK NEAR MOUTH, AT LAKE OSWEGO, OR",ST,45.4225,-122.6580556,NAD83,17090012,Lower Willamette,1,00010,water_temperature,https://waterdata.usgs.gov/monitoring-location/452521122392900/
4_lower_willamette,453548122465100,UNNAMED TRIB TO WILLAMETTE R AT RM 4.9 ON LB,ST,45.59666667,-122.7808333,NAD83,17090012,Lower Willamette,1,00010,water_temperature,https://waterdata.usgs.gov/monitoring-location/453548122465100/
4_lower_willamette,453509122460800,UNNAMED TRIB TO WILLAMETTE R AT RM 5.9 ON LB,ST,45.5858333,-122.7688889,NAD83,17090012,Lower Willamette,1,00010,water_temperature,https://waterdata.usgs.gov/monitoring-location/453509122460800/
4_mckenzie,14161100,"BLUE RIVER BELOW TIDBITS CREEK, NR BLUE RIVER, OR",ST,44.2179043,-122.2650676,NAD27,17090004,McKenzie,3,"00010,00060,00065","water_temperature,discharge,gage_height",https://waterdata.usgs.gov/monitoring-location/14161100/
4_mckenzie,441344122095400,"LOOKOUT CREEK ABOVE MACK CREEK, NR BLUE RIVER, OR",ST,44.2288333,-122.165111,NAD83,17090004,McKenzie,3,"00010,00060,00065","water_temperature,discharge,gage_height",https://waterdata.usgs.gov/monitoring-location/441344122095400/
4_mckenzie,14161500,"LOOKOUT CREEK NEAR BLUE RIVER, OR",ST,44.2095708,-122.256733,NAD27,17090004,McKenzie,3,"00010,00060,00065","water_temperature,discharge,gage_height",https://waterdata.usgs.gov/monitoring-location/14161500/
4_mckenzie,441400122123000,"MCRAE CREEK NEAR BLUE RIVER, OR",ST,44.2333611,-122.2083333,NAD83,17090004,McKenzie,3,"00010,00060,00065","water_temperature,discharge,gage_height",https://waterdata.usgs.gov/monitoring-location/441400122123000/
4_mckenzie,14165000,"MOHAWK RIVER NEAR SPRINGFIELD, OR",ST,44.09290317,-122.9573052,NAD27,17090004,McKenzie,3,"00010,00060,00065","water_temperature,discharge,gage_height",https://waterdata.usgs.gov/monitoring-location/14165000/
4_mckenzie,441504122105500,"UNNAMED TRIB TO MCRAE CREEK NEAR BLUE RIVER, OR",ST,44.2512222,-122.1818333,NAD83,17090004,McKenzie,3,"00010,00060,00065","water_temperature,discharge,gage_height",https://waterdata.usgs.gov/monitoring-location/441504122105500/
4_mckenzie,14158977,"LOST CREEK ABV YALE LANE NR BELKNAP SPRINGS, OR",ST,44.1782222,-122.056,NAD83,17090004,McKenzie,2,"00010,00065","water_temperature,gage_height",https://waterdata.usgs.gov/monitoring-location/14158977/
4_mckenzie,14159410,"COUGAR DAM TAILWATER NEAR RAINBOW, OR",ST,44.1305472,-122.2435889,NAD83,17090004,McKenzie,1,00065,gage_height,https://waterdata.usgs.gov/monitoring-location/14159410/
4_middle_fork_willamette,14152500,"COAST FORK WILLAMETTE AT LONDON, OR",ST,43.64151015,-123.0859089,NAD27,17090002,Middle Fork Willamette,3,"00010,00060,00065","water_temperature,discharge,gage_height",https://waterdata.usgs.gov/monitoring-location/14152500/
4_middle_fork_willamette,14153500,"COAST FORK WILLAMETTE R BLW COTTAGE GROVE DAM, OR",ST,43.72067785,-123.0497994,NAD27,17090002,Middle Fork Willamette,3,"00010,00060,00065","water_temperature,discharge,gage_height",https://waterdata.usgs.gov/monitoring-location/14153500/
4_middle_fork_willamette,14154500,"ROW RIVER ABOVE PITCHER CREEK, NEAR DORENA, OR",ST,43.73527778,-122.8744444,NAD83,17090002,Middle Fork Willamette,3,"00010,00060,00065","water_temperature,discharge,gage_height",https://waterdata.usgs.gov/monitoring-location/14154500/
4_middle_fork_willamette,14155500,"ROW RIVER NEAR COTTAGE GROVE, OR",ST,43.7929012,-122.9914655,NAD27,17090002,Middle Fork Willamette,3,"00010,00060,00065","water_temperature,discharge,gage_height",https://waterdata.usgs.gov/monitoring-location/14155500/
4_middle_willamette,450332123040800,WILLAMETTE R ALCOVE ON LB AT RM 74.6,ST,45.0588111,-123.0687639,NAD83,17090007,Middle Willamette,3,"00010,00095,00300","water_temperature,specific_conductance,dissolved_oxygen",https://waterdata.usgs.gov/monitoring-location/450332123040800/
4_middle_willamette,444927123064100,WILLAMETTE R ALCOVE ON RB AT RM 101,ST,44.82421389,-123.1113778,NAD83,17090007,Middle Willamette,3,"00010,00095,00400","water_temperature,specific_conductance,ph",https://waterdata.usgs.gov/monitoring-location/444927123064100/
4_middle_willamette,450557123011100,WILLAMETTE R ALCOVE ON RB AT RM 70.2,ST,45.0992944,-123.0197889,NAD83,17090007,Middle Willamette,3,"00010,00095,00400","water_temperature,specific_conductance,ph",https://waterdata.usgs.gov/monitoring-location/450557123011100/
4_middle_willamette,444938123094900,WILLAMETTE R ALCOVE ON LB AT RM 97.7,ST,44.82726389,-123.1636889,NAD83,17090007,Middle Willamette,2,"00010,00300","water_temperature,dissolved_oxygen",https://waterdata.usgs.gov/monitoring-location/444938123094900/
4_middle_willamette,452153122360500,"ABERNETHY CREEK NEAR MOUTH, AT OREGON CITY, OR",ST,45.3647222,-122.6013889,NAD83,17090007,Middle Willamette,1,00010,water_temperature,https://waterdata.usgs.gov/monitoring-location/452153122360500/
4_middle_willamette,451753122451200,"BOECKMAN CREEK NEAR MOUTH, AT WILSONVILLE, OR",ST,45.2979722,-122.7532778,NAD83,17090007,Middle Willamette,1,00010,water_temperature,https://waterdata.usgs.gov/monitoring-location/451753122451200/
4_middle_willamette,451740122464500,"COFFEE LAKE CREEK NEAR MOUTH, AT WILSONVILLE, OR",ST,45.29452778,-122.7791667,NAD83,17090007,Middle Willamette,1,00010,water_temperature,https://waterdata.usgs.gov/monitoring-location/451740122464500/
4_middle_willamette,451725122474400,"CORRAL CREEK NEAR MOUTH, AT WILSONVILLE, OR",ST,45.29027778,-122.7955556,NAD83,17090007,Middle Willamette,1,00010,water_temperature,https://waterdata.usgs.gov/monitoring-location/451725122474400/
4_middle_willamette,451726122461800,"UNNAMED CR NR MOUTH AT RM 38.7 NR WILSONVILLE, OR",ST,45.29063889,-122.7716667,NAD83,17090007,Middle Willamette,1,00010,water_temperature,https://waterdata.usgs.gov/monitoring-location/451726122461800/
4_middle_willamette,450740123003600,WILLAMETTE R ALCOVE ON LB AT RM 67.7,ST,45.1278583,-123.0098944,NAD83,17090007,Middle Willamette,1,00010,water_temperature,https://waterdata.usgs.gov/monitoring-location/450740123003600/
4_middle_willamette,450438123040900,WILLAMETTE R ALCOVE ON LB AT RM 73.4,ST,45.0770861,-123.0691278,NAD83,17090007,Middle Willamette,1,00010,water_temperature,https://waterdata.usgs.gov/monitoring-location/450438123040900/
4_middle_willamette,450130123043800,WILLAMETTE R ALCOVE ON LB AT RM 77.2,ST,45.0249861,-123.077125,NAD83,17090007,Middle Willamette,1,00010,water_temperature,https://waterdata.usgs.gov/monitoring-location/450130123043800/
4_middle_willamette,445056123105600,WILLAMETTE R ALCOVE ON LB AT RM 95.8,ST,44.84897778,-123.1822528,NAD83,17090007,Middle Willamette,1,00010,water_temperature,https://waterdata.usgs.gov/monitoring-location/445056123105600/
4_middle_willamette,444945123094200,WILLAMETTE R ALCOVE ON LB AT RM 97.9,ST,44.82904167,-123.161761,NAD83,17090007,Middle Willamette,1,00010,water_temperature,https://waterdata.usgs.gov/monitoring-location/444945123094200/
4_middle_willamette,450746123003100,WILLAMETTE R ALCOVE ON RB AT RM 67.6,ST,45.1293083,-123.0086083,NAD83,17090007,Middle Willamette,1,00010,water_temperature,https://waterdata.usgs.gov/monitoring-location/450746123003100/
4_middle_willamette,444948123090100,WILLAMETTE R ALCOVE ON RB AT RM 98.4,ST,44.8299472,-123.1504139,NAD83,17090007,Middle Willamette,1,00010,water_temperature,https://waterdata.usgs.gov/monitoring-location/444948123090100/
4_middle_willamette,450445123040500,WILLAMETTE R ON LB AT RM 73.2,ST,45.0792833,-123.068,NAD83,17090007,Middle Willamette,1,00010,water_temperature,https://waterdata.usgs.gov/monitoring-location/450445123040500/
4_middle_willamette,444527123085100,WILLAMETTE R ON RB AT RM 107.3,ST,44.75746389,-123.1474722,NAD83,17090007,Middle Willamette,1,00010,water_temperature,https://waterdata.usgs.gov/monitoring-location/444527123085100/
4_middle_willamette,450808123004500,WILLAMETTE R ON RB AT RM 67.1,ST,45.13549167,-123.0125778,NAD83,17090007,Middle Willamette,1,00010,water_temperature,https://waterdata.usgs.gov/monitoring-location/450808123004500/
4_middle_willamette,450601123010400,WILLAMETTE R ON RB AT RM 70.2,ST,45.100275,-123.0177306,NAD83,17090007,Middle Willamette,1,00010,water_temperature,https://waterdata.usgs.gov/monitoring-location/450601123010400/
4_middle_willamette,444932123071200,WILLAMETTE R SIDE CHANNEL ON RB AT RM 100.2,ST,44.82559167,-123.1200056,NAD83,17090007,Middle Willamette,1,00010,water_temperature,https://waterdata.usgs.gov/monitoring-location/444932123071200/
4_middle_willamette,451807122443100,"WILLOW CREEK NEAR MOUTH, AT WILSONVILLE, OR",ST,45.30202778,-122.7419722,NAD83,17090007,Middle Willamette,1,00010,water_temperature,https://waterdata.usgs.gov/monitoring-location/451807122443100/
4_molalla-pudding,14201500,"BUTTE CREEK AT MONITOR, OR",ST,45.1015099,-122.7462019,NAD27,17090009,Molalla-Pudding,3,"00010,00060,00065","water_temperature,discharge,gage_height",https://waterdata.usgs.gov/monitoring-location/14201500/
4_molalla-pudding,14199704,"NATE CREEK TRIBUTARY NEAR COLTON, OR",ST,45.2054444,-122.412111,NAD83,17090009,Molalla-Pudding,3,"00010,00060,00065","water_temperature,discharge,gage_height",https://waterdata.usgs.gov/monitoring-location/14199704/
4_molalla-pudding,14200700,"ABIQUA CREEK AT SILVERTON, OR",ST,45.03145,-122.7908306,NAD83,17090009,Molalla-Pudding,2,"00060,00065","discharge,gage_height",https://waterdata.usgs.gov/monitoring-location/14200700/
4_molalla-pudding,14198400,"BULL CREEK NEAR WILHOIT, OR",ST,44.9609,-122.385,NAD83,17090009,Molalla-Pudding,2,"00060,00065","discharge,gage_height",https://waterdata.usgs.gov/monitoring-location/14198400/
4_molalla-pudding,14200100,"DRIFT CREEK NEAR SILVERTON, OR",ST,44.97680556,-122.830111,NAD83,17090009,Molalla-Pudding,2,"00060,00065","discharge,gage_height",https://waterdata.usgs.gov/monitoring-location/14200100/
4_molalla-pudding,14200300,"SILVER CREEK AT SILVERTON, OR",ST,45.00923999,-122.7886775,NAD27,17090009,Molalla-Pudding,2,"00060,00065","discharge,gage_height",https://waterdata.usgs.gov/monitoring-location/14200300/
4_molalla-pudding,14201300,"ZOLLNER CREEK NEAR MT ANGEL, OR",ST,45.10035029,-122.82173589,NAD27,170900090204,Molalla-Pudding,2,"00060,00065","discharge,gage_height",https://waterdata.usgs.gov/monitoring-location/14201300/
4_molalla-pudding,14200400,"LITTLE ABIQUA CREEK NEAR SCOTTS MILLS, OR",ST,44.95567759,-122.6284199,NAD27,17090009,Molalla-Pudding,1,00060,discharge,https://waterdata.usgs.gov/monitoring-location/14200400/
4_north_santiam,14178610,"BREITENBUSH RIVER BLW BREITENBUSH HOT SPRINGS, OR",ST,44.7779444,-121.9968889,NAD83,17090005,North Santiam,3,"00010,00060,00065","water_temperature,discharge,gage_height",https://waterdata.usgs.gov/monitoring-location/14178610/
4_north_santiam,14178470,DEVILS CR ABV CASCADE CR NR BREITENBUSH HOT SPG OR,ST,44.7444722,-121.9347778,NAD83,17090005,North Santiam,2,"00010,00065","water_temperature,gage_height",https://waterdata.usgs.gov/monitoring-location/14178470/
4_north_santiam,14178500,"DEVILS CREEK NEAR BREITENBUSH HOT SPRINGS, OR",ST,44.7775,-121.9696944,NAD83,17090005,North Santiam,2,"00010,00065","water_temperature,gage_height",https://waterdata.usgs.gov/monitoring-location/14178500/
4_north_santiam,14178620,"HILL CREEK NEAR BREITENBUSH HOT SPRINGS, OR",ST,44.75805556,-121.9818333,NAD83,17090005,North Santiam,2,"00010,00065","water_temperature,gage_height",https://waterdata.usgs.gov/monitoring-location/14178620/
4_north_santiam,14178490,"MILL CREEK NEAR BREITENBUSH HOT SPRINGS, OR",ST,44.75891667,-121.9689444,NAD83,17090005,North Santiam,2,"00010,00065","water_temperature,gage_height",https://waterdata.usgs.gov/monitoring-location/14178490/
4_north_santiam,14178440,"ROARING CREEK NEAR BREITENBUSH HOT SPRINGS, OR",ST,44.76630556,-121.927611,NAD83,17090005,North Santiam,2,"00010,00065","water_temperature,gage_height",https://waterdata.usgs.gov/monitoring-location/14178440/
4_north_santiam,14181350,"SARDINE CREEK NEAR NIAGRA, OR",ST,44.7475,-122.2741944,NAD83,17090005,North Santiam,2,"00010,00065","water_temperature,gage_height",https://waterdata.usgs.gov/monitoring-location/14181350/
4_north_santiam,14178480,"SKUNK CREEK NEAR BREITENBUSH HOT SPRINGS, OR",ST,44.7526111,-121.9609722,NAD83,17090005,North Santiam,2,"00010,00065","water_temperature,gage_height",https://waterdata.usgs.gov/monitoring-location/14178480/
4_north_santiam,14178625,"UNNAMED CREEK NEAR BREITENBUSH HOT SPRINGS, OR",ST,44.76038889,-121.9865,NAD83,17090005,North Santiam,2,"00010,00065","water_temperature,gage_height",https://waterdata.usgs.gov/monitoring-location/14178625/
4_north_santiam,14181410,"BIG CLIFF DAM TAILWATER NEAR NIAGARA, OR",ST,44.7514861,-122.2833778,NAD83,17090005,North Santiam,1,00065,gage_height,https://waterdata.usgs.gov/monitoring-location/14181410/
4_north_santiam,444649121594701,BREITENBUSH R BLW BREITENBUSH HOT SPGS NR DETROIT,ST,44.78017778,-121.983175,NAD83,17090005,North Santiam,1,00010,water_temperature,https://waterdata.usgs.gov/monitoring-location/444649121594701/
4_north_santiam,14180510,"DETROIT DAM TAILWATER NEAR DETROIT, OR",ST,44.722,-122.251,NAD83,17090005,North Santiam,1,00065,gage_height,https://waterdata.usgs.gov/monitoring-location/14180510/
4_north_santiam,14178700,"EAST HUMBUG CREEK NEAR DETROIT, OREG.",ST,44.7990107,-122.0589648,NAD27,17090005,North Santiam,1,00060,discharge,https://waterdata.usgs.gov/monitoring-location/14178700/
4_north_santiam,14179100,"FRENCH CREEK NEAR DETROIT, OR",ST,44.76039965,-122.1684099,NAD27,17090005,North Santiam,1,00060,discharge,https://waterdata.usgs.gov/monitoring-location/14179100/
4_north_santiam,444653121571200,"NF BREITENBUSH RIVER BLW NF 4685, NR DETROIT, OR",ST,44.7813472,-121.9533778,NAD83,17090005,North Santiam,1,00010,water_temperature,https://waterdata.usgs.gov/monitoring-location/444653121571200/
4_north_santiam,14181750,"ROCK CREEK NEAR MILL CITY, OR",ST,44.7120665,-122.4275818,NAD27,17090005,North Santiam,1,00060,discharge,https://waterdata.usgs.gov/monitoring-location/14181750/
4_north_santiam,14178430,SF BREITENBUSH RIVER NR BREITENBUSH HOT SPRINGS OR,ST,44.7646944,-121.9268889,NAD83,17090005,North Santiam,1,00010,water_temperature,https://waterdata.usgs.gov/monitoring-location/14178430/
4_south_santiam,14188750,"CRABTREE CREEK NEAR SCIO, OR",ST,44.673139,-122.91925,NAD83,170900060604,South Santiam,3,"00010,00060,00065","water_temperature,discharge,gage_height",https://waterdata.usgs.gov/monitoring-location/14188750/
4_south_santiam,14185865,"QUARTZVILLE CREEK BLW GALENA CREEK NR CASCADIA, OR",ST,44.58105556,-122.335,NAD83,17090006,South Santiam,3,"00010,00060,00065","water_temperature,discharge,gage_height",https://waterdata.usgs.gov/monitoring-location/14185865/
4_south_santiam,14188610,"SCHAFER CREEK NEAR LACOMB, OR",ST,44.61956728,-122.4659162,NAD27,17090006,South Santiam,3,"00010,00060,00065","water_temperature,discharge,gage_height",https://waterdata.usgs.gov/monitoring-location/14188610/
4_south_santiam,14188800,"THOMAS CREEK NEAR SCIO, OR",ST,44.71206687,-122.7700878,NAD27,17090006,South Santiam,3,"00010,00060,00065","water_temperature,discharge,gage_height",https://waterdata.usgs.gov/monitoring-location/14188800/
4_south_santiam,14187000,"WILEY CREEK NEAR FOSTER, OR",ST,44.37234769,-122.6231384,NAD27,17090006,South Santiam,3,"00010,00060,00065","water_temperature,discharge,gage_height",https://waterdata.usgs.gov/monitoring-location/14187000/
4_south_santiam,443404122240500,"BOULDER CREEK NEAR CASCADIA, OR",ST,44.56785278,-122.4014694,NAD83,17090006,South Santiam,1,00010,water_temperature,https://waterdata.usgs.gov/monitoring-location/443404122240500/
4_south_santiam,443531122203900,"CANAL CREEK ABV UNNAMED TRIB, NR CASCADIA, OR",ST,44.59194167,-122.3442694,NAD83,17090006,South Santiam,1,00010,water_temperature,https://waterdata.usgs.gov/monitoring-location/443531122203900/
4_south_santiam,14186610,"FOSTER DAM TAILWATER AT FOSTER, OR",ST,44.41479444,-122.6713556,NAD83,17090006,South Santiam,1,00065,gage_height,https://waterdata.usgs.gov/monitoring-location/14186610/
4_south_santiam,443317122252600,"FOUR BIT CREEK AT MOUTH, NEAR CASCADIA, OR",ST,44.55458889,-122.4238333,NAD83,17090006,South Santiam,1,00010,water_temperature,https://waterdata.usgs.gov/monitoring-location/443317122252600/
4_south_santiam,14186110,"GREEN PETER DAM TAILWATER NEAR FOSTER, OR",ST,44.4492944,-122.5496667,NAD83,17090006,South Santiam,1,00065,gage_height,https://waterdata.usgs.gov/monitoring-location/14186110/
4_south_santiam,443226122260700,"PANTHER CREEK AT MOUTH, NEAR CASCADIA, OR",ST,44.5404222,-122.4352,NAD83,17090006,South Santiam,1,00010,water_temperature,https://waterdata.usgs.gov/monitoring-location/443226122260700/
4_south_santiam,443253122255000,"QUARTZVILLE CR AT DOGWOOD PICNIC, NR CASCADIA, OR",ST,44.54812778,-122.4306917,NAD83,17090006,South Santiam,1,00010,water_temperature,https://waterdata.usgs.gov/monitoring-location/443253122255000/
4_south_santiam,443342122250200,"QUARTZVILLE CR BLW BOULDER CR, NR CASCADIA, OR  A",ST,44.56157778,-122.417275,NAD83,17090006,South Santiam,1,00010,water_temperature,https://waterdata.usgs.gov/monitoring-location/443342122250200/
4_south_santiam,443340122250500,"QUARTZVILLE CR BLW BOULDER CR, NR CASCADIA, OR  C",ST,44.56118056,-122.4179556,NAD83,17090006,South Santiam,1,00010,water_temperature,https://waterdata.usgs.gov/monitoring-location/443340122250500/
4_south_santiam,443519122225800,"QUARTZVILLE CR BLW YELLOWBOTTOM CR NR CASCADIA, OR",ST,44.5886,-122.3826639,NAD83,17090006,South Santiam,1,00010,water_temperature,https://waterdata.usgs.gov/monitoring-location/443519122225800/
4_south_santiam,443502122240500,"QUARTZVILLE CREEK BLW PACKERS CR, NR CASCADIA, OR",ST,44.58384167,-122.4014028,NAD83,17090006,South Santiam,1,00010,water_temperature,https://waterdata.usgs.gov/monitoring-location/443502122240500/
4_south_santiam,443517122221800,"YELLOWBOTTOM CREEK AT MOUTH, NR CASCADIA, OR",ST,44.588181,-122.371625,NAD83,170900060304,South Santiam,1,00010,water_temperature,https://waterdata.usgs.gov/monitoring-location/443517122221800/
4_south_santiam,443348122244400,"YELLOWSTONE CREEK NEAR MOUTH, NEAR CASCADIA, OR",ST,44.56340278,-122.4122972,NAD83,17090006,South Santiam,1,00010,water_temperature,https://waterdata.usgs.gov/monitoring-location/443348122244400/
4_tualatin,14205400,"EAST FORK DAIRY CREEK NEAR MEACHAM CORNER, OR",ST,45.68233568,-123.069553,NAD27,17090010,Tualatin,3,"00010,00060,00065","water_temperature,discharge,gage_height",https://waterdata.usgs.gov/monitoring-location/14205400/
4_tualatin,14205350,"EF DAIRY CR ABV MURTAUGH CR NR MEACHAM CORNER, OR",ST,45.69385556,-123.0700194,NAD83,17090010,Tualatin,3,"00010,00060,00065","water_temperature,discharge,gage_height",https://waterdata.usgs.gov/monitoring-location/14205350/
4_tualatin,14206900,"FANNO CREEK AT 56TH AVE, AT PORTLAND, OR",ST,45.4881944,-122.73475,NAD83,17090010,Tualatin,2,"00060,00065","discharge,gage_height",https://waterdata.usgs.gov/monitoring-location/14206900/
4_tualatin,14206339,"ROCK CREEK ABOVE BETHANY LAKE, NEAR BETHANY, OR",ST,45.55696389,-122.8752222,NAD83,17090010,Tualatin,2,"00010,00065","water_temperature,gage_height",https://waterdata.usgs.gov/monitoring-location/14206339/
4_tualatin,14206340,"ROCK CREEK BELOW BETHANY LAKE, NEAR BETHANY, OR",ST,45.55566667,-122.8739722,NAD83,17090010,Tualatin,2,"00010,00065","water_temperature,gage_height",https://waterdata.usgs.gov/monitoring-location/14206340/
4_tualatin,142063391,"ROCK CREEK NEAR BETHANY LAKE, NEAR BETHANY, OR",ST,45.55603056,-122.874236,NAD83,17090010,Tualatin,2,"00010,00065","water_temperature,gage_height",https://waterdata.usgs.gov/monitoring-location/142063391/
4_tualatin,14202550,"AYERS CREEK AT NE NORTH VALLEY RD, NR GASTON, OR",ST,45.3793,-123.0960639,NAD83,17090010,Tualatin,1,00060,discharge,https://waterdata.usgs.gov/monitoring-location/14202550/
4_tualatin,14206425,"BRONSON CREEK AT 185TH AVE NR ALOHA, OR",ST,45.53233895,-122.8676014,NAD27,17090010,Tualatin,1,00060,discharge,https://waterdata.usgs.gov/monitoring-location/14206425/
4_tualatin,453320122483701,BRONSON CREEK AT LAIDLAW,ST,45.55561389,-122.810261,NAD83,17090010,Tualatin,1,00010,water_temperature,https://waterdata.usgs.gov/monitoring-location/453320122483701/
4_tualatin,453304122491300,BRONSON CREEK PONDED SITE 1 NEAR MEISNER DRIVE,ST,45.5510833,-122.8202778,NAD83,17090010,Tualatin,1,00010,water_temperature,https://waterdata.usgs.gov/monitoring-location/453304122491300/
4_tualatin,453303122491300,BRONSON CREEK PONDED SITE 2 NEAR MEISNER DRIVE,ST,45.5508611,-122.820361,NAD83,17090010,Tualatin,1,00010,water_temperature,https://waterdata.usgs.gov/monitoring-location/453303122491300/
4_tualatin,453303122491400,BRONSON CREEK PONDED SITE 3 NEAR MEISNER DRIVE,ST,45.55075,-122.820611,NAD83,17090010,Tualatin,1,00010,water_temperature,https://waterdata.usgs.gov/monitoring-location/453303122491400/
4_tualatin,453302122491300,BRONSON CREEK PONDED SITE 4 NEAR MEISNER DRIVE,ST,45.55075,-122.8205,NAD83,17090010,Tualatin,1,00010,water_temperature,https://waterdata.usgs.gov/monitoring-location/453302122491300/
4_tualatin,453301122491600,BRONSON CREEK PONDED SITE 5 NEAR MEISNER DRIVE,ST,45.55016667,-122.821111,NAD83,17090010,Tualatin,1,00010,water_temperature,https://waterdata.usgs.gov/monitoring-location/453301122491600/
4_tualatin,452547122465900,"DERRY DELL CREEK AT SW WALNUT ST, TIGARD, OR",ST,45.42956268,-122.7842642,NAD27,17090010,Tualatin,1,00010,water_temperature,https://waterdata.usgs.gov/monitoring-location/452547122465900/
4_tualatin,452538122471600,"DERRY DELL CREEK NEAR SW 107TH CT, AT TIGARD, OR",ST,45.42723056,-122.7876833,NAD83,17090010,Tualatin,1,00010,water_temperature,https://waterdata.usgs.gov/monitoring-location/452538122471600/
4_tualatin,452533122472600,"DERRY DELL CREEK NEAR SW DERRY DELL CT, TIGARD, OR",ST,45.42574167,-122.7904833,NAD83,17090010,Tualatin,1,00010,water_temperature,https://waterdata.usgs.gov/monitoring-location/452533122472600/
4_tualatin,452715122474500,"FANNO CREEK AT GREENWAY PARK, AT FANNO CREEK TRAIL",ST,45.45426389,-122.7957417,NAD83,17090010,Tualatin,1,00010,water_temperature,https://waterdata.usgs.gov/monitoring-location/452715122474500/
4_tualatin,452704122474200,"FANNO CREEK AT GREENWAY PARK, NEAR SW ROBBINS DR",ST,45.4509722,-122.794961,NAD83,17090010,Tualatin,1,00010,water_temperature,https://waterdata.usgs.gov/monitoring-location/452704122474200/
4_tualatin,452711122474100,"FANNO CREEK AT GREENWAY PARK, NEAR SW SETTLER WAY",ST,45.453025,-122.7948417,NAD83,17090010,Tualatin,1,00010,water_temperature,https://waterdata.usgs.gov/monitoring-location/452711122474100/
4_tualatin,452726122474500,FANNO CREEK PONDED SITE 1 AT GREENWAY PARK,ST,45.4573333,-122.7959306,NAD83,17090010,Tualatin,1,00010,water_temperature,https://waterdata.usgs.gov/monitoring-location/452726122474500/
4_tualatin,452726122474600,FANNO CREEK PONDED SITE 2 AT GREENWAY PARK,ST,45.45731667,-122.7956722,NAD83,17090010,Tualatin,1,00010,water_temperature,https://waterdata.usgs.gov/monitoring-location/452726122474600/
4_tualatin,452723122474700,FANNO CREEK PONDED SITE 3 AT GREENWAY PARK,ST,45.4565361,-122.7964694,NAD83,17090010,Tualatin,1,00010,water_temperature,https://waterdata.usgs.gov/monitoring-location/452723122474700/
4_tualatin,452723122474600,FANNO CREEK PONDED SITE 4 AT GREENWAY PARK,ST,45.456475,-122.7961528,NAD83,17090010,Tualatin,1,00010,water_temperature,https://waterdata.usgs.gov/monitoring-location/452723122474600/
4_tualatin,452722122474600,FANNO CREEK PONDED SITE 5 AT GREENWAY PARK,ST,45.4563694,-122.7962056,NAD83,17090010,Tualatin,1,00010,water_temperature,https://waterdata.usgs.gov/monitoring-location/452722122474600/
4_tualatin,452721122474800,FANNO CREEK PONDED SITE 6 AT GREENWAY PARK,ST,45.45573056,-122.796586,NAD83,17090010,Tualatin,1,00010,water_temperature,https://waterdata.usgs.gov/monitoring-location/452721122474800/
4_tualatin,452722122474800,FANNO CREEK PONDED SITE 7 AT GREENWAY PARK,ST,45.45597778,-122.7966444,NAD83,17090010,Tualatin,1,00010,water_temperature,https://waterdata.usgs.gov/monitoring-location/452722122474800/
4_tualatin,14203750,"GALES CREEK NEAR GLENWOOD, OR",ST,45.64344428,-123.3703935,NAD27,17090010,Tualatin,1,00060,discharge,https://waterdata.usgs.gov/monitoring-location/14203750/
4_tualatin,453248122580600,"MCKAY CREEK TRIB NEAR NE 14TH AVE,  HILLSBORO, OR",ST,45.54665,-122.968361,NAD83,17090010,Tualatin,1,00010,water_temperature,https://waterdata.usgs.gov/monitoring-location/453248122580600/
4_tualatin,453248122582100,"MCKAY CREEK TRIB NEAR NE 9TH DR, AT HILLSBORO, OR",ST,45.5466,-122.9725889,NAD83,17090010,Tualatin,1,00010,water_temperature,https://waterdata.usgs.gov/monitoring-location/453248122582100/
4_tualatin,14207000,"OSWEGO CANAL NEAR LAKE OSWEGO, OREG.",ST-CA,45.38873028,-122.7206507,NAD27,17090010,Tualatin,1,00060,discharge,https://waterdata.usgs.gov/monitoring-location/14207000/
4_tualatin,453334122511500,SPRINGVILLE CREEK NEAR LARK MEADOW TERRACE,ST,45.5593611,-122.85405,NAD83,17090010,Tualatin,1,00010,water_temperature,https://waterdata.usgs.gov/monitoring-location/453334122511500/
4_tualatin,453328122514600,"SPRINGVILLE CREEK NEAR NW 180TH PL, PORTLAND, OR",ST,45.557725,-122.8628139,NAD83,17090010,Tualatin,1,00010,water_temperature,https://waterdata.usgs.gov/monitoring-location/453328122514600/
4_tualatin,453319122505000,"STOLLER CREEK NEAR NW 166TH AVE, AT PORTLAND, OR",ST,45.5552694,-122.8471278,NAD83,17090010,Tualatin,1,00010,water_temperature,https://waterdata.usgs.gov/monitoring-location/453319122505000/
4_tualatin,453320122505700,"STOLLER CREEK NEAR NW 167TH PL, AT PORTLAND, OR",ST,45.555675,-122.849186,NAD83,17090010,Tualatin,1,00010,water_temperature,https://waterdata.usgs.gov/monitoring-location/453320122505700/
4_tualatin,453322122512200,"STOLLER CREEK NR MOUTH NR OAKLEY CT, PORTLAND, OR",ST,45.5589972,-122.8560056,NAD83,17090010,Tualatin,1,00010,water_temperature,https://waterdata.usgs.gov/monitoring-location/453322122512200/
4_tualatin,452559122472401,"SUMMER CREEK AT FOWLER MIDDLE SCHOOL, TIGARD, OR",ST,45.43284038,-122.7911617,NAD27,17090010,Tualatin,1,00010,water_temperature,https://waterdata.usgs.gov/monitoring-location/452559122472401/
4_tualatin,452600122471700,"SUMMER CREEK BELOW FOWLER WOODS TRAIL, SITE 1",ST,45.4333444,-122.7880722,NAD83,17090010,Tualatin,1,00010,water_temperature,https://waterdata.usgs.gov/monitoring-location/452600122471700/
4_tualatin,452600122471400,"SUMMER CREEK BELOW FOWLER WOODS TRAIL, SITE 2",ST,45.4332972,-122.787136,NAD83,17090010,Tualatin,1,00010,water_temperature,https://waterdata.usgs.gov/monitoring-location/452600122471400/
4_tualatin,14202630,"WAPATO CANAL AT PUMP HOUSE, AT GASTON, OR",ST-CA,45.4401722,-123.1251806,NAD83,17090010,Tualatin,1,00065,gage_height,https://waterdata.usgs.gov/monitoring-location/14202630/
4_upper_willamette,14173500,"CALAPOOIA RIVER AT ALBANY, OR",ST,44.62002778,-123.1284722,NAD83,17090003,Upper Willamette,3,"00010,00060,00065","water_temperature,discharge,gage_height",https://waterdata.usgs.gov/monitoring-location/14173500/
4_upper_willamette,14170000,"LONG TOM RIVER AT MONROE, OR",ST,44.3128333,-123.296361,NAD83,17090003,Upper Willamette,3,"00010,00060,00065","water_temperature,discharge,gage_height",https://waterdata.usgs.gov/monitoring-location/14170000/
4_upper_willamette,14169000,"LONG TOM RIVER NEAR ALVADORE, OR",ST,44.1226111,-123.3003056,NAD83,17090003,Upper Willamette,3,"00010,00060,00065","water_temperature,discharge,gage_height",https://waterdata.usgs.gov/monitoring-location/14169000/
4_upper_willamette,14166500,"LONG TOM RIVER NEAR NOTI, OR",ST,44.04984478,-123.4262097,NAD27,17090003,Upper Willamette,3,"00010,00060,00065","water_temperature,discharge,gage_height",https://waterdata.usgs.gov/monitoring-location/14166500/
4_upper_willamette,14190610,"LUCKIAMUTE RIVER NEAR BUENA VISTA, OR",ST,44.73008889,-123.1623,NAD83,17090003,Upper Willamette,3,"00010,00060,00065","water_temperature,discharge,gage_height",https://waterdata.usgs.gov/monitoring-location/14190610/
4_upper_willamette,14190500,"LUCKIAMUTE RIVER NEAR SUVER, OR",ST,44.78317527,-123.2345435,NAD27,17090003,Upper Willamette,3,"00010,00060,00065","water_temperature,discharge,gage_height",https://waterdata.usgs.gov/monitoring-location/14190500/
4_upper_willamette,14171000,"MARYS RIVER NEAR PHILOMATH, OR",ST,44.525,-123.334,NAD83,17090003,Upper Willamette,3,"00010,00060,00065","water_temperature,discharge,gage_height",https://waterdata.usgs.gov/monitoring-location/14171000/
4_upper_willamette,441351123090900,WILLAMETTE R SIDE CHANNEL ON RB NEAR RM 164.8,ST,44.23076389,-123.152436,NAD83,17090003,Upper Willamette,3,"00010,00095,00300","water_temperature,specific_conductance,dissolved_oxygen",https://waterdata.usgs.gov/monitoring-location/441351123090900/
4_upper_willamette,441558123103500,WILLAMETTE R SIDE CHANNEL ON LB NEAR RM 161.3,ST,44.26624444,-123.1764333,NAD83,17090003,Upper Willamette,2,"00010,00300","water_temperature,dissolved_oxygen",https://waterdata.usgs.gov/monitoring-location/441558123103500/
4_upper_willamette,14172000,CALAPOOIA R AT HOLLEY OREG,ST,44.3512362,-122.7873068,NAD27,17090003,Upper Willamette,1,00060,discharge,https://waterdata.usgs.gov/monitoring-location/14172000/
4_upper_willamette,14167000,"COYOTE CREEK NEAR CROW, OREG.",ST,44.0217904,-123.255926,NAD27,17090003,Upper Willamette,1,00060,discharge,https://waterdata.usgs.gov/monitoring-location/14167000/
4_upper_willamette,444650123134500,"LUCKIAMUTE RIVER NEAR PARKER, OR",ST,44.7805111,-123.2292472,NAD83,17090003,Upper Willamette,1,00065,gage_height,https://waterdata.usgs.gov/monitoring-location/444650123134500/
4_upper_willamette,441447123103000,WILLAMETTE R ALCOVE ON LB NEAR RM 162.8,ST,44.2462611,-123.1750833,NAD83,17090003,Upper Willamette,1,00010,water_temperature,https://waterdata.usgs.gov/monitoring-location/441447123103000/
4_upper_willamette,444517123084900,WILLAMETTE R ALCOVE ON RB AT RM 107.5,ST,44.7547111,-123.1469722,NAD83,17090003,Upper Willamette,1,00010,water_temperature,https://waterdata.usgs.gov/monitoring-location/444517123084900/
4_upper_willamette,441540123101900,WILLAMETTE R ALCOVE ON RB NEAR RM 161.7,ST,44.261075,-123.1720222,NAD83,17090003,Upper Willamette,1,00010,water_temperature,https://waterdata.usgs.gov/monitoring-location/441540123101900/
4_upper_willamette,441515123104000,WILLAMETTE R ALCOVE ON RB NEAR RM 162.2,ST,44.25425,-123.1779056,NAD83,17090003,Upper Willamette,1,00010,water_temperature,https://waterdata.usgs.gov/monitoring-location/441515123104000/
4_upper_willamette,441428123095600,WILLAMETTE R ALCOVE ON RB NEAR RM 163.5,ST,44.24120556,-123.1656639,NAD83,17090003,Upper Willamette,1,00010,water_temperature,https://waterdata.usgs.gov/monitoring-location/441428123095600/
4_upper_willamette,441359123093800,WILLAMETTE R ON LB NEAR RM 164.2,ST,44.2329222,-123.1605556,NAD83,17090003,Upper Willamette,1,00010,water_temperature,https://waterdata.usgs.gov/monitoring-location/441359123093800/
4_upper_willamette,441613123102600,WILLAMETTE R ON RB AT RM 161,ST,44.270275,-123.1739139,NAD83,17090003,Upper Willamette,1,00010,water_temperature,https://waterdata.usgs.gov/monitoring-location/441613123102600/
4_upper_willamette,441155123091900,WILLAMETTE R ON RB NEAR RM 167.8,ST,44.19862778,-123.1552333,NAD83,17090003,Upper Willamette,1,00010,water_temperature,https://waterdata.usgs.gov/monitoring-location/441155123091900/
4_upper_willamette,441152123085600,WILLAMETTE R SIDE CHANNEL ON RB NEAR RM 168.1,ST,44.19764444,-123.1488583,NAD83,17090003,Upper Willamette,1,00010,water_temperature,https://waterdata.usgs.gov/monitoring-location/441152123085600/
4_upper_willamette,441446123103500,WILLAMETTE R SIDE CHANNELON LB NEAR RM 162.8,ST,44.24610556,-123.176286,NAD83,17090003,Upper Willamette,1,00010,water_temperature,https://waterdata.usgs.gov/monitoring-location/441446123103500/
4_yamhill,14196000,"HASKINS CREEK BLW RESERVOIR, NR MCMINNVILLE, OR",ST,45.3109461,-123.3498315,NAD27,17090008,Yamhill,1,00060,discharge,https://waterdata.usgs.gov/monitoring-location/14196000/
4_yamhill,14193000,"WILLAMINA CREEK NEAR WILLAMINA, OR",ST,45.1428905,-123.4942756,NAD27,17090008,Yamhill,1,00060,discharge,https://waterdata.usgs.gov/monitoring-location/14193000/
